,starting_molecule,SMILES,Molecular Weight,Cosine Similarity,KDE Log-Likelihood,Combined Score
0,C=C=C,C,16.031300127999998,0.4218252,-8.968324459455982,-9.472638107203021
1,C=C=C,C#C,26.015650064,0.6096171,-7.226864575468232,-7.660955368601014
2,C=C=C,C=C,28.031300127999998,0.81628644,-6.983630180388088,-7.349709987669582
3,C=C=C,CC,30.046950192,0.6339364,-6.7744679666636305,-7.2000621176836805
4,C=C=C,C=C=C,40.031300128,0.86074317,-6.164735805361048,-6.5173961037085215
5,C=C=C,C=CC,42.046950192,0.877993,-6.103642028842362,-6.4512069943288886
6,C=C=C,C=C=C=C,52.031300128,0.73419404,-5.8691925279295845,-6.2611616126692695
7,C=C=C,C=C=CC,54.046950192,0.8238601,-5.820273434657672,-6.184037541884997
8,C=C=C,C=CC=C,54.046950192,0.8307441,-5.820273434657672,-6.181943362493136
