,starting_molecule,SMILES,Molecular Weight,Cosine Similarity,KDE Log-Likelihood,Combined Score
0,CC,C,16.031300127999998,0.5092416,-8.968324459455982,-9.438922412060275
1,CC,C#C,26.015650064,0.82740605,-7.226864575468232,-7.589548706136872
2,CC,C=C,28.031300127999998,0.6118672,-6.983630180388088,-7.416929125815029
3,CC,CC,30.046950192,0.75613666,-6.7744679666636305,-7.159374348032268
4,CC,C=CC,42.046950192,0.7023751,-6.103642028842362,-6.506040585313233
5,CC,CCC,44.062600255999996,0.68805194,-6.052532396820245,-6.459698848035989
