,starting_molecule,SMILES,Molecular Weight,Cosine Similarity,KDE Log-Likelihood,Combined Score
0,C=C=C,C,16.031300127999998,0.4300189,-8.968324459455982,-9.469400680922046
1,C=C=C,C#C,26.015650064,0.6746112,-7.226864575468232,-7.638546525560548
2,C=C=C,C=C,28.031300127999998,0.80910677,-6.983630180388088,-7.351916432409878
3,C=C=C,CC,30.046950192,0.6503035,-6.7744679666636305,-7.194419196951182
4,C=C=C,C=C=C,40.031300128,0.8287107,-6.164735805361048,-6.527023296921031
5,C=C=C,C=CC,42.046950192,0.77731484,-6.103642028842362,-6.48183093694249
6,C=C=C,C=C=C=C,52.031300128,0.78977257,-5.8691925279295845,-6.243475126425068
7,C=C=C,C=CC=C,54.046950192,0.868457,-5.820273434657672,-6.170647447843173
8,C=C=C,C=C=CC,54.046950192,0.90860397,-5.820273434657672,-6.158947890538791
