,starting_molecule,SMILES,Molecular Weight,Cosine Similarity,KDE Log-Likelihood,Combined Score
0,C,[H],1.007825032,0.33907235,-13.358673782554902,-13.89658782025937
1,C,C,16.031300127999998,0.3120192,-8.968324459455982,-9.517582512758747
2,C,C=C,28.031300127999998,0.5506309,-6.983630180388088,-7.438891828089352
3,C,CC,30.046950192,0.66733885,-6.7744679666636305,-7.188610068666728
