,starting_molecule,SMILES,Molecular Weight,Cosine Similarity,KDE Log-Likelihood,Combined Score
0,C=C,C,16.031300127999998,0.61325085,-8.968324459455982,-9.401137120388523
1,C=C,C#C,26.015650064,0.7517785,-7.226864575468232,-7.613165377699067
2,C=C,C=C,28.031300127999998,0.8323602,-6.983630180388088,-7.344809979229565
3,C=C,CC,30.046950192,0.6693275,-6.7744679666636305,-7.187936148750575
4,C=C,C=C=C,40.031300128,0.7992177,-6.164735805361048,-6.5360790902064005
5,C=C,C=CC,42.046950192,0.8279729,-6.103642028842362,-6.466153812680634
