,starting_molecule,SMILES,Molecular Weight,Cosine Similarity,KDE Log-Likelihood,Combined Score
0,C=C,C,16.031300127999998,0.43665728,-8.968324459455982,-9.466789639853015
1,C=C,C#C,26.015650064,0.665849,-7.226864575468232,-7.641512124859025
2,C=C,C=C,28.031300127999998,0.8363392,-6.983630180388088,-7.343605339556332
3,C=C,CC,30.046950192,0.6525279,-6.7744679666636305,-7.193656972753795
4,C=C,C=C=C,40.031300128,0.79815996,-6.164735805361048,-6.536407213775889
5,C=C,C=CC,42.046950192,0.8436047,-6.103642028842362,-6.461426419291886
