,starting_molecule,SMILES,Molecular Weight,Cosine Similarity,KDE Log-Likelihood,Combined Score
0,C=C,C,16.031300127999998,0.4946071,-8.968324459455982,-9.444440937899127
1,C=C,C#C,26.015650064,0.79059106,-7.226864575468232,-7.600891738258531
2,C=C,C=C,28.031300127999998,0.90569544,-6.983630180388088,-7.323141157656307
3,C=C,CC,30.046950192,0.71033216,-6.7744679666636305,-7.174237511265071
4,C=C,C=C=C,40.031300128,0.7762207,-6.164735805361048,-6.543269347517268
5,C=C,C=CC,42.046950192,0.8589948,-6.103642028842362,-6.456822258506211
