,starting_molecule,SMILES,Molecular Weight,Cosine Similarity,KDE Log-Likelihood,Combined Score
0,C#C,C,16.031300127999998,0.70966023,-8.968324459455982,-9.36831552471973
1,C#C,C#C,26.015650064,0.8370149,-7.226864575468232,-7.586635529123475
2,C#C,C=C,28.031300127999998,0.76754045,-6.983630180388088,-7.364907324343319
3,C#C,CC,30.046950192,0.7315545,-6.7744679666636305,-7.167293778764995
4,C#C,C#CC,40.031300128,0.62779975,-6.164735805361048,-6.59246120986201
5,C#C,C=C=C,40.031300128,0.63606584,-6.164735805361048,-6.589592378704325
