,starting_molecule,SMILES,Molecular Weight,Cosine Similarity,KDE Log-Likelihood,Combined Score
0,CC,C,16.031300127999998,0.76037055,-8.968324459455982,-9.351880110167041
1,CC,C#C,26.015650064,0.7724803,-7.226864575468232,-7.606578349195649
2,CC,C=C,28.031300127999998,0.6928959,-6.983630180388088,-7.389179021149273
3,CC,CC,30.046950192,0.8308289,-6.7744679666636305,-7.136112145292552
4,CC,C=CC,42.046950192,0.7327373,-6.103642028842362,-6.496083808217438
5,CC,CCC,44.062600255999996,0.76111865,-6.052532396820245,-6.435849748161493
