,starting_molecule,SMILES,Molecular Weight,Cosine Similarity,KDE Log-Likelihood,Combined Score
0,C=C,C,16.031300127999998,0.12547366,-8.968324459455982,-9.600701487921253
1,C=C,C#C,26.015650064,0.76215357,-7.226864575468232,-7.609852551542451
2,C=C,C=C,28.031300127999998,0.8470964,-6.983630180388088,-7.3403656184965325
3,C=C,CC,30.046950192,0.70987934,-6.7744679666636305,-7.174386731493266
4,C=C,C=C=C,40.031300128,0.71676224,-6.164735805361048,-6.5623910838053385
5,C=C,C=CC,42.046950192,0.8569653,-6.103642028842362,-6.457426589999589
