,starting_molecule,SMILES,Molecular Weight,Cosine Similarity,KDE Log-Likelihood,Combined Score
0,C=C=C,C,16.031300127999998,0.18550713,-8.968324459455982,-9.57301358070232
1,C=C=C,C#C,26.015650064,0.6852908,-7.226864575468232,-7.634955315910508
2,C=C=C,C=C,28.031300127999998,0.82422405,-6.983630180388088,-7.347283333569164
3,C=C=C,CC,30.046950192,0.6465596,-6.7744679666636305,-7.195704660522731
4,C=C=C,C=C=C,40.031300128,0.8908441,-6.164735805361048,-6.508544843761698
5,C=C=C,C=CC,42.046950192,0.8221971,-6.103642028842362,-6.467913610015305
6,C=C=C,C=C=C=C,52.031300128,0.8816493,-5.8691925279295845,-6.215685384670536
7,C=C=C,C=CC=C,54.046950192,0.8526591,-5.820273434657672,-6.175343012351611
8,C=C=C,C=C=CC,54.046950192,0.8647932,-5.820273434657672,-6.171731894750216
