,starting_molecule,SMILES,Molecular Weight,Cosine Similarity,KDE Log-Likelihood,Combined Score
0,C=C,C,16.031300127999998,0.09183239,-8.968324459455982,-9.616609192751422
1,C=C,C#C,26.015650064,0.732438,-7.226864575468232,-7.619403510414292
2,C=C,C=C,28.031300127999998,0.8470089,-6.983630180388088,-7.340391844540234
3,C=C,CC,30.046950192,0.58305633,-6.7744679666636305,-7.21799271475056
4,C=C,C=C=C,40.031300128,0.81550264,-6.164735805361048,-6.531055968372599
5,C=C,C=CC,42.046950192,0.8827507,-6.103642028842362,-6.449812543664368
